Job Title,Location,Date Posted,Description,Responsibilities,Minimum Qualifications,Preferred Qualifications,Apply Link
IN-Business Pro,India,24-Feb-25,,,,,
IN-Business Expert,India,24-Feb-25,,,,,
IN-Creative,India,24-Feb-25,,,,,
IN-Expert,India,24-Feb-25,,,,,
IN-Genius,India,24-Feb-25,,,,,
IN-Operations Expert,India,24-Feb-25,,,,,
IN - Specialist,India,24-Feb-25,,,,,
IN-Technical Specialist,India,24-Feb-25,,,,,
Manufacturing Design Engineer- Assembly,India,24-Feb-25,,,,,
Manufacturing Design Engineer- Brittles,India,24-Feb-25,,,,,
Full Stack Engineer - Java and React JS,India,22-Feb-25,,,,,
Software Engineer Swift - Global Sourcing & Supply Management (GSSM) Solutions,India,21-Feb-25,,,,,
Software Engineer Fullstack - Global Sourcing & Supply Management (GSSM) Solutions,India,21-Feb-25,,,,,
Materials Program Manager,India,21-Feb-25,,,,,
Lead ASC - Sales,India,21-Feb-25,,,,,
DevOps Engineer,India,21-Feb-25,,,,,
Embedded Software Engineer,India,21-Feb-25,,,,,
Cloud Data Engineer,India,20-Feb-25,,,,,
People Data & Analytics Engineer,India,20-Feb-25,,,,,
Embedded SW Engineer,India,20-Feb-25,,,,,
Data Engineer - Global Sourcing & Supply Management (GSSM) Solutions,India,19-Feb-25,,,,,
Manufacturing Design Engineer - Battery,India,19-Feb-25,,,,,
Manufacturing Design Engineer - Equipment Design,India,19-Feb-25,,,,,
Product Manager - Global Sourcing & Supply Management (GSSM) Solutions,India,19-Feb-25,,,,,
Recycling Operations Senior Technical Program Manager,India,18-Feb-25,,,,,
iOS Software Engineer,India,18-Feb-25,,,,,
Site Reliability Engineering Manager,India,17-Feb-25,,,,,
RFHW Design engineer,India,17-Feb-25,,,,,
Plastic Tooling Engineer - Bangalore / Chennai,India,17-Feb-25,,,,,
Raw Material Global Supply Manager,India,15-Feb-25,,,,,
Manufacturing Design Program Manager,India,15-Feb-25,,,,,
Modules New Product Operations Program Manager,India,15-Feb-25,,,,,
Global Time Away and Allowance Partner,India,Not Found,,,,,
Assembly Manufacturing Quality Engineer,India,14-Feb-25,,,,,
Manufacturing Quality Auditor (MQA),India,14-Feb-25,,,,,
FATP Manufacturing Quality Engineer,India,14-Feb-25,,,,,
Inspection Tech Manufacturing Quality Engineer - Bangalore / Chennai,India,14-Feb-25,,,,,
Data Scientist,India,Not Found,,,,,
Battery Cell Manufacturing Quality Engineer,India,13-Feb-25,,,,,
Battery Pack Manufacturing Quality Engineer,India,13-Feb-25,,,,,
People Technology Developer,India,12-Feb-25,,,,,
Onboarding Product Analyst,India,12-Feb-25,,,,,
People Analytics Engineering Manager,India,11-Feb-25,,,,,
People Analytics Developer,India,11-Feb-25,,,,,
Workday Absence Configurator,India,11-Feb-25,,,,,
Integration Engineering - Software Engineer (Middleware),India,11-Feb-25,,,,,
Global Supply Manager - Mechanical Enclosures,India,11-Feb-25,,,,,
ServiceNow HR Product Analyst,India,10-Feb-25,,,,,
Marketing Manager,India,10-Feb-25,,,,,
Marketing Manager,India,10-Feb-25,,,,,
Database Engineer : Oracle DBA,India,10-Feb-25,,,,,
AIML - Data Operations Senior Team Lead,India,10-Feb-25,,,,,
Database Engineer - MongoDB,India,Not Found,,,,,
Partner Communications Manager,India,Not Found,,,,,
Software Engineer - Cloud Data Platform,India,6-Feb-25,,,,,
Engineering Program Manager - Ad Platforms,India,4-Feb-25,,,,,
"Product Marketing Manager- Platforms, India",India,Not Found,,,,,
Site Reliability Engineer,India,3-Feb-25,,,,,
Machine Learning Engineer - Apple Store Online,India,3-Feb-25,,,,,
Manufacturing Quality Engineer - Bangalore / Chennai,India,3-Feb-25,,,,,
Media Manager,India,Not Found,,,,,
Print Production Manager,India,Not Found,,,,,
Channel & Partner Communications Lead - India,India,31-Jan-25,,,,,
"Associate Creative Director, Writing",India,31-Jan-25,,,,,
Channel Cross-functional Producer,India,31-Jan-25,,,,,
Interactive Producer,India,31-Jan-25,,,,,
Integrated Project Manager,India,31-Jan-25,,,,,
Software Development Engineer in Test - IS&T,India,31-Jan-25,,,,,
Machine Learning Engineering Manager - Apple Store Online,India,30-Jan-25,,,,,
App Store Business Lead India,India,29-Jan-25,,,,,
NoSQL Engineer / SRE,India,29-Jan-25,,,,,
People Business Partner,India,27-Jan-25,,,,,
"Junior Software Developer in Test, IS&T",India,27-Jan-25,,,,,
Automation Subject Matter Expert,India,24-Jan-25,,,,,
India Small Business Lead - Enterprise Sales,India,Not Found,,,,,
Software Development Engineer - Test Manager,India,21-Jan-25,,,,,
"Junior Site Reliability Engineer, IS&T",India,20-Jan-25,,,,,
"Program Manager, Business Advocacy Development",India,Not Found,,,,,
Embedded Software Engineer,India,17-Jan-25,,,,,
Senior Software Development Engineer - Ad Platforms,India,Not Found,,,,,
Software Engineer- Cloud Networking,India,16-Jan-25,,,,,
Test Automation Architect - Operations Business Process Reengineering,India,15-Jan-25,,,,,
"Software Engineer (Framework), Ai & Data Platforms",India,15-Jan-25,,,,,
"Site Reliability Engineering Manager, Storage - Apple Services Engineering",India,Not Found,,,,,
Finance BPR Test Process Lead,India,13-Jan-25,,,,,
